"File Number","u","v","x_c","y_c","u_c","v_c","exx","eyy","exy","e1","e2","gamma"
0,0,0,-0.397287790974,3.33721747765,0,0,0,0,0,0,0,0
1,0.00430843596323,0.000892997246783,-0.397287790974,3.33721747765,0.000684680738836,-0.000141954890296,-0.000571265107748,0.000517505560139,-0.000248044000522,0.00063798680537,-0.000691746347468,-1.1135801907
2,0.00603741338912,-0.00241204566576,-0.397287790974,3.33721747765,0.000959450697273,0.000383282097521,-0.000512512652035,7.72002497678e-05,0.000203507978674,0.000375114309953,-0.000810426712539,0.668410474339
3,0.00111810472586,-0.0020279489411,-0.397287790974,3.33721747765,0.000177686489282,0.000322272189693,0.000300638089995,-0.000122075707803,0.000167425353713,0.000615122942038,-0.000436560555593,0.374646128728
4,0.0054213139156,0.00355234882577,-0.397287790974,3.33721747765,0.000861527852673,-0.000564493170049,-0.000703548982021,0.000368870568411,0.000309667219968,0.000543248718037,-0.000877927131324,0.83905555924
5,0.00718698262715,0.0021296523139,-0.397287790974,3.33721747765,0.00114212484059,-0.000338414554533,-0.000540365445947,0.000200136983752,0.000318969450821,0.000396114788647,-0.000736343253837,0.766623043336
6,0.00515212539927,0.00513984527483,-0.397287790974,3.33721747765,0.000818731545128,-0.000816771065426,-0.000130745174546,0.000318740921194,0.000184402786655,0.000497972032649,-0.000309976281315,0.527959762595
7,0.00644953201435,0.00399748137137,-0.397287790974,3.33721747765,0.00102490616397,-0.000635280206319,-0.000621591230018,0.000820096105815,-0.000294110674444,0.00098390218754,-0.000785397305243,-0.498806445262
8,0.00455165872284,-0.00081738338327,-0.397287790974,3.33721747765,0.000723330708997,0.000129923894304,-0.000602967577262,6.47359979083e-06,9.7630906116e-05,0.000232980291003,-0.000829474266655,0.375282294451
9,0.00457983978441,0.00133114903265,-0.397287790974,3.33721747765,0.000727807357897,-0.000211552816414,-0.000300914619163,0.00022404388512,0.00016035067324,0.000415336026307,-0.000492206761919,0.67540929281
10,0.00752617819317,0.00102652422858,-0.397287790974,3.33721747765,0.00119601952111,-0.000163102405133,-0.000388917515099,-4.53516694133e-05,-0.000396854810049,0.000478411200628,-0.000912680384667,-0.492138348424
11,0.00227717083354,0.00351444716864,-0.397287790974,3.33721747765,0.000361878110047,-0.000558500988267,-0.000141606466204,0.000419810254295,-7.48030075929e-05,0.000578681841151,-0.00030047805194,-0.523029820253
12,0.00412680060347,0.0062984662284,-0.397287790974,3.33721747765,0.000655798182531,-0.00100092771424,-0.000602728060521,0.000140220839599,-0.000233212095697,0.000299332594762,-0.000761839819554,-0.164958139404
13,0.00580113372649,0.00697692176338,-0.397287790974,3.33721747765,0.000921890741805,-0.00110875591885,-0.000584848885261,0.000113061219715,0.00036632360444,0.00035057202023,-0.000822359684464,1.02028326499
14,0.00547580515806,0.00551204404184,-0.397287790974,3.33721747765,0.000870189708557,-0.000875939019643,0.000165969130352,0.000146612876821,0.000196439205736,0.000744987916663,-0.000432405905555,0.520762717226
15,0.00709921831569,0.00765559566842,-0.397287790974,3.33721747765,0.00112817805677,-0.00121659190457,-0.000459920632716,0.000180759063246,0.000275861499952,0.000361781907066,-0.000640943474886,0.877144406239
16,0.00464929691785,0.00445821117832,-0.397287790974,3.33721747765,0.000738837715639,-0.000708492089457,-0.000296137725016,7.79493022772e-06,5.38445567184e-05,0.000372350498648,-0.000660693295009,0.318666655208
17,0.0017346175416,0.00840270901343,-0.397287790974,3.33721747765,0.000275646246028,-0.00133533193586,-0.000327553933483,0.000341243370683,0.0004293833724,0.00071363798643,-0.000699948554635,0.915360926155
18,0.00605424498155,0.0102328053551,-0.397287790974,3.33721747765,0.000962104820783,-0.00162610436894,-0.00044784129069,0.000475013757033,0.000280951483468,0.000773515404898,-0.000746342936812,0.289740769336
19,0.00372071508336,0.0110405406412,-0.397287790974,3.33721747765,0.00059127341154,-0.00175448163683,-1.83294546449e-05,-0.00040095821151,-3.16940817858e-05,0.000299885275336,-0.000719172943532,0.1939356371
20,0.00595414424411,0.0116764429467,-0.397287790974,3.33721747765,0.000946216990977,-0.00185558710282,-0.000244321443939,0.000446681322572,8.88221573314e-05,0.000636274037205,-0.000433914156859,0.00461835796252
21,0.00529491422584,0.0110942286158,-0.397287790974,3.33721747765,0.000841435391265,-0.00176304633922,-0.000638217230632,7.24242440577e-05,-0.00033557811164,0.000427576755521,-0.000993369743437,-0.511498559302
22,0.00628687624069,0.0131852011978,-0.397287790974,3.33721747765,0.000999099360441,-0.00209533658143,0.000408944997048,7.14552263806e-05,0.000259938035093,0.000735327244958,-0.000254927024985,0.404322538174
23,0.00767799636992,0.0124087567986,-0.397287790974,3.33721747765,0.00122015923191,-0.00197198000821,-0.000163205684118,9.3787589852e-05,-0.000196683663702,0.000520751312228,-0.000590169405768,0.0884655629977
24,0.00481951174399,0.0134237796197,-0.397287790974,3.33721747765,0.000765899690706,-0.00213316273118,-1.77759972677e-05,7.0897821968e-05,0.000432485159259,0.000562877504937,-0.000509755684386,0.659576279995
25,0.0113422269786,0.00924446017094,-0.397287790974,3.33721747765,0.00180246185174,-0.00146910295942,-0.000655057035236,0.000228183118014,0.000283603630549,0.000563427227275,-0.000990301146372,0.406464704718
26,0.00810222806225,0.0137838027858,-0.397287790974,3.33721747765,0.00128757518032,-0.00219044210024,-0.000694972546836,-3.08672199655e-05,0.000178220854271,6.50509871962e-05,-0.000790890753333,1.00009544638
27,0.00982093632905,0.0128751906196,-0.397287790974,3.33721747765,0.00156070912878,-0.00204602349214,-9.19743543346e-05,0.000146223925649,0.000258665148513,0.000589992025244,-0.00053574245379,0.407591767752
28,0.00293243303069,0.0133732741531,-0.397287790974,3.33721747765,0.000466012692227,-0.00212518092863,0.000429037785002,-0.00016222159784,0.000319600324222,0.000647735882572,-0.000380919696011,0.447569822534
29,0.00934342794813,0.014336521066,-0.397287790974,3.33721747765,0.00148480814948,-0.0022783119054,-0.000248320659317,0.000202577230868,0.000263852898738,0.000526275389697,-0.000572018819581,0.729814819944
30,0.00960427810862,0.00977390390621,-0.397287790974,3.33721747765,0.00152625796811,-0.00155320336289,-0.000243682806087,-6.34051522038e-05,-3.8996464203e-06,0.000479783515729,-0.000786871472673,0.462759986591
31,0.0110394915186,0.0135814096026,-0.397287790974,3.33721747765,0.00175434369463,-0.00215831280981,-0.000264763463677,9.37652856488e-05,0.000271359533016,0.000368642406988,-0.000539640585255,0.497213440511
32,0.0117072598756,0.011831688617,-0.397287790974,3.33721747765,0.00186045817799,-0.0018802553181,-0.000568157982871,6.41307580506e-05,-1.79305419169e-05,0.000335602786855,-0.000839630009208,0.0212119576067
33,0.0149125767699,0.0147155840487,-0.397287790974,3.33721747765,0.00236982481744,-0.00233856016301,-0.000627832795801,0.000126895092436,0.000205157295204,0.000397498873962,-0.000898436578819,0.397715350064
34,0.0139904988046,0.0186350676649,-0.397287790974,3.33721747765,0.00222329612156,-0.00296136635678,-0.000282302937264,-0.00034918345693,-7.13213778308e-05,0.000107547657255,-0.000739034048587,0.419991985895
35,0.0167145899807,0.0181272537925,-0.397287790974,3.33721747765,0.00265619249713,-0.00288067784277,-0.000189538197544,-5.26120958443e-05,-0.000147999459284,0.000276019620357,-0.000518169914591,-0.473487294637
36,0.02209610252,0.0200564748405,-0.397287790974,3.33721747765,0.00351139590837,-0.00318726622097,-0.000712239937643,0.000243757484541,-0.00012727611231,0.000391749514585,-0.000860231970691,-0.286609815099
37,0.0215730372255,0.014928918636,-0.397287790974,3.33721747765,0.00342826700235,-0.00237239151442,-0.000140191828222,-5.54802345272e-05,-0.000372255100094,0.000649869392827,-0.000845541454067,-0.0923381856619
38,0.0217366870552,0.021584658588,-0.397287790974,3.33721747765,0.0034543011242,-0.00343011671943,0.000167602048013,0.000407242005185,-0.000116252367877,0.000742081796768,-0.000167237746866,-0.129414018476
39,0.0210255643783,0.0227905814058,-0.397287790974,3.33721747765,0.00334128318653,-0.00362176553627,-0.000546161526402,-7.91588334816e-05,-3.83665595718e-05,4.23166686979e-05,-0.000667637030766,-0.488526639141
40,0.027226560779,0.0163651302573,-0.397287790974,3.33721747765,0.00432670972077,-0.00260066180841,-0.000391638836787,4.61404509185e-05,-0.000367115036315,0.000443038468989,-0.000788536854648,-0.688832122403
41,0.0302779160213,0.0187180256292,-0.397287790974,3.33721747765,0.00481163161263,-0.00297457869881,-0.00131743371084,-4.7376536655e-05,-6.49208853623e-05,0.000263261956906,-0.00162807220514,-0.170824626508
42,0.0331119914563,0.0203144473848,-0.397287790974,3.33721747765,0.00526197797929,-0.00322830218087,-0.000170181228044,-0.000433245101275,-9.12412076443e-05,0.000380617795973,-0.000984044121045,0.00819213574048
43,0.0360721305657,0.028719295473,-0.397287790974,3.33721747765,0.005732407077,-0.00456394499633,0.000317826080131,3.23213875927e-05,-6.87505209512e-05,0.000814680549994,-0.000464533083418,0.315500246955
44,0.0384164831529,0.0243034235691,-0.397287790974,3.33721747765,0.00610497745817,-0.00386217564571,0.000374149737342,-0.000117120568184,0.000108011567007,0.000817814555772,-0.000560785381962,0.0143093033231
45,0.0375258102774,0.0232169751782,-0.397287790974,3.33721747765,0.00596341116575,-0.00368950597775,-0.000448583043997,-0.000400750568063,-0.000449986030104,0.000211105473472,-0.00106043908067,-0.332265385224
46,0.0461248087888,0.0261201504021,-0.397287790974,3.33721747765,0.0073299397795,-0.0041509351323,-0.000534671581165,-0.000625519501988,-0.000289419314621,1.11879591061e-05,-0.00117137904668,-0.242005279503
47,0.0469950621542,0.0284712772924,-0.397287790974,3.33721747765,0.00746819908575,-0.00452452561018,0.00032197528336,-0.000228183244318,-0.000486625796209,0.00101571760602,-0.000921925562953,-0.463034592799
48,0.0498987799152,0.025453279577,-0.397287790974,3.33721747765,0.00792966519769,-0.0040449411168,-0.000317523308986,-0.000103075880454,-0.000576076989348,0.000662046851712,-0.00108264604457,-0.608908497084
49,0.0514677810745,0.0300203621483,-0.397287790974,3.33721747765,0.00817901693667,-0.00477061702315,-0.000102967129118,-0.000420418336455,-0.000650022949778,0.000585513890352,-0.00110889934932,-0.590006363315
50,0.0544390131791,0.0276740190501,-0.397287790974,3.33721747765,0.00865115780825,-0.00439782708119,-1.90094434913e-05,-0.000246761014271,-0.000229789027578,0.000590578035861,-0.000856348486149,-0.216436246423
51,0.0596888639654,0.0312957864207,-0.397287790974,3.33721747765,0.00948547604136,-0.00497341861513,-0.000150229896122,-0.000514408401813,-0.000434632124112,0.000509506567864,-0.00117414486792,-0.564269369434
52,0.0604291663338,0.0281082848326,-0.397287790974,3.33721747765,0.00960311637475,-0.00446684988669,0.000254931685492,-0.000443713593103,-0.000543012328337,0.00092575142816,-0.00111453333879,-0.556415532241
53,0.0604239949145,0.0308552084712,-0.397287790974,3.33721747765,0.00960227503226,-0.00490332328086,0.000158600600314,-0.000507838160455,-8.34675019067e-05,0.000703394629221,-0.00105263219228,-0.171202096048
54,0.0629302627431,0.0299822795444,-0.397287790974,3.33721747765,0.0100005939245,-0.00476459375484,-0.000694999111077,-0.000855667621152,-0.000685861815856,4.60219732001e-05,-0.0015966886986,-0.579478439123
55,0.0702892699494,0.0345000842741,-0.397287790974,3.33721747765,0.011170035249,-0.00548257540616,-0.000252445199882,-0.000400052385179,-0.000701500795809,0.00071744489497,-0.00136994248682,-0.690488683472
56,0.069241668432,0.0326983781281,-0.397287790974,3.33721747765,0.0110035520793,-0.00519628740119,-0.000874049619807,-0.000803034467997,-0.000844031388237,0.000230167969279,-0.00190725206239,-0.620033582648
57,0.0775364760596,0.0373214138075,-0.397287790974,3.33721747765,0.0123217157357,-0.00593092434484,-0.000654472690252,-0.00109711775694,-0.00124755393703,0.000516985167334,-0.00226857562153,-0.64638143668
58,0.0746420938044,0.0384682585688,-0.397287790974,3.33721747765,0.0118617477039,-0.006113145784,0.000334629217296,-0.000894373737992,-0.000663730894163,0.000956478650411,-0.00151622316923,-0.431138736345
59,0.0801018698571,0.0412343536527,-0.397287790974,3.33721747765,0.0127293998644,-0.00655275131635,-0.000222583561528,-0.00100836352445,-0.000313710217064,0.000439443348184,-0.0016703904245,-0.344561361812
60,0.0814472809195,0.0333455108429,-0.397287790974,3.33721747765,0.012943198791,-0.00529916485837,0.00010364575292,-0.000507342078715,-0.000945494042711,0.00116565896688,-0.00156935530126,-0.634624068189
61,0.0770783122533,0.040141987877,-0.397287790974,3.33721747765,0.0122489196768,-0.00637921116476,0.000260737020776,-0.000810149279097,-0.000867220708205,0.00103702709044,-0.00158643933863,-0.559134578255
62,0.0817750045695,0.0460151467377,-0.397287790974,3.33721747765,0.0129952826,-0.007312530589,-0.000484626926142,-0.000830830902708,-0.000634983863164,0.000393599740327,-0.00170905755868,-0.606231193145
63,0.0851082139863,0.0451917648315,-0.397287790974,3.33721747765,0.013524976756,-0.00718166626309,-0.000553190187435,-0.0010122058996,-0.000967101111517,0.000636845912082,-0.00220224198739,-0.561102952691
64,0.081121474791,0.043713026489,-0.397287790974,3.33721747765,0.0128914394494,-0.00694668101212,-0.0001390210274,-0.000782866170643,-0.000754006504219,0.000817736066006,-0.00173962325341,-0.580869855765
65,0.0838677542141,0.0466225642162,-0.397287790974,3.33721747765,0.0133278740045,-0.00740900396322,-0.00065987823783,-0.000876633689854,-0.000432176654847,0.000265037703428,-0.00180154962268,-0.410911406128
66,0.0898090705801,0.0437535151648,-0.397287790974,3.33721747765,0.014272000366,-0.0069531083901,-0.000498841146463,-0.000851121478391,-0.000495268603957,0.000616629919536,-0.00196659254083,-0.445129387134
67,0.0884992664155,0.0464002268317,-0.397287790974,3.33721747765,0.0140638632748,-0.0073736415182,-0.000486555955994,-0.000988004917207,-0.000908453024038,0.000716730127841,-0.0021912909905,-0.587705062225
68,0.0828185270134,0.048252563637,-0.397287790974,3.33721747765,0.0131611148797,-0.00766805897897,-0.00012184836884,-0.000738995609394,-0.000621834613843,0.000798743341688,-0.00165958733496,-0.567611558017
69,0.0890301827294,0.0470335150902,-0.397287790974,3.33721747765,0.0141482376971,-0.00747431171103,-0.000232501703364,-0.000850438378367,-0.000421099361889,0.000753930216328,-0.00183687028617,-0.301095407098
70,0.0861450426806,0.0474599038896,-0.397287790974,3.33721747765,0.0136897384714,-0.00754206771037,-0.000395051889668,-0.000950371155501,-0.000787624726542,0.000606963169701,-0.00195238620533,-0.467560943768
71,0.0882716045882,0.0459635074083,-0.397287790974,3.33721747765,0.0140277022967,-0.00730426119378,-0.00089207724406,-0.000814426773827,-0.000770312406335,0.000423010916842,-0.00212951492792,-0.531692193726
72,0.0845896763823,0.0488003019172,-0.397287790974,3.33721747765,0.0134425880984,-0.00775508163795,-0.000333084379991,-0.00101850719953,-0.000828311692582,0.000545678689191,-0.00189727028075,-0.488985494418
73,0.0827108341484,0.0518897477394,-0.397287790974,3.33721747765,0.013144004884,-0.00824612200571,0.000439931627182,-0.000477345444484,-0.000831767927665,0.00136296194922,-0.00140037577008,-0.634653223073
74,0.0839306825581,0.0486428417289,-0.397287790974,3.33721747765,0.0133378473469,-0.00773010255458,0.000526630534902,-0.000445607999822,-0.000784972221003,0.00138694655713,-0.0013059240261,-0.498890953061
75,0.0820146024896,0.0475173267679,-0.397287790974,3.33721747765,0.0130333593235,-0.00755117645857,0.00033840551428,-0.000611379772736,-0.000639778504831,0.00124500829126,-0.00151798253911,-0.537433724248
76,0.0826469477839,0.0462402251,-0.397287790974,3.33721747765,0.0131338430772,-0.00734823499806,-0.000208348631421,-0.00100308523308,-0.000936071082741,0.000725747168382,-0.0019371810508,-0.63205535803
77,0.0845708754869,0.0501082281295,-0.397287790974,3.33721747765,0.0134395998574,-0.00796295828723,-0.000330891618048,-0.000753213203281,-0.00112349784041,0.000897079452093,-0.00198118427197,-0.66862049829
78,0.0839744657994,0.0494613615939,-0.397287790974,3.33721747765,0.0133448265678,-0.00786014303314,4.53265080536e-05,-0.000524391291395,-0.000767372722848,0.00111293755058,-0.00159200232594,-0.631547305482
79,0.0860777551977,0.045575860446,-0.397287790974,3.33721747765,0.0136790539448,-0.00724270725653,-0.000267235692275,-0.000400578167089,-0.000966272146401,0.00116057354936,-0.00182838741285,-0.6674873488
80,0.084553669159,0.0549506824941,-0.397287790974,3.33721747765,0.0134368562647,-0.00873243699495,0.000208805362805,-0.00117268621711,-0.000829814895187,0.000927255799839,-0.00189113665431,-0.501356906998
81,0.0838459100909,0.045992798351,-0.397287790974,3.33721747765,0.013324380506,-0.00730897879037,-9.51128935156e-05,-0.000956613250476,-0.000439695504797,0.000729979835365,-0.00178170598594,-0.381744464183
82,0.0846044614386,0.0485548761745,-0.397287790974,3.33721747765,0.0134449450311,-0.00771606642639,-0.000559620518125,-0.000766090733272,-0.000622842783822,0.000609415201791,-0.00193512645199,-0.631481161511
83,0.0910173791867,0.0471401233704,-0.397287790974,3.33721747765,0.0144640552776,-0.00749126239531,-0.000134548610049,-0.000866741746787,-0.00118137393198,0.00114870115906,-0.00214999152908,-0.622230765467
84,0.0926677232656,0.0473812987359,-0.397287790974,3.33721747765,0.0147262987149,-0.00752961703051,-0.000334989717534,-0.000703962193858,-0.000819932749822,0.000893778931267,-0.00193273082597,-0.594708127888
85,0.091602844616,0.0476580857275,-0.397287790974,3.33721747765,0.0145570720033,-0.00757357524708,-0.000175697606679,-0.000746604326557,-0.000879998302795,0.0010421833332,-0.00196448526549,-0.587928011628
86,0.0906401603268,0.0478880678256,-0.397287790974,3.33721747765,0.0144041003391,-0.00761013451474,-0.000506395456825,-0.000929469612034,-0.000542112654575,0.000419005487437,-0.00185487055233,-0.557017918366
87,0.101851152376,0.0498189480963,-0.397287790974,3.33721747765,0.0161856770014,-0.00791695609223,-0.000131623959533,-0.000571871236357,-0.00130614808909,0.00139063842056,-0.00209413360706,-0.676697154979
88,0.10456347764,0.0460578951841,-0.397287790974,3.33721747765,0.016616713984,-0.00731928441793,-0.000240651648028,-0.000986400082067,-0.000725656372404,0.000961937945156,-0.00218898966639,-0.557951329157
89,0.106688035079,0.0494752557805,-0.397287790974,3.33721747765,0.01695434933,-0.00786233472471,-0.000927624893907,-0.000926010539469,-0.000704312261125,0.000324889663879,-0.00217852508854,-0.565704895028
90,0.108795468719,0.0455840898391,-0.397287790974,3.33721747765,0.0172892490056,-0.00724396629868,-0.000580844938324,-0.000906165589967,-0.000822710994825,0.000648300289285,-0.00213531081513,-0.536348450735
91,0.110132066461,0.0457628250886,-0.397287790974,3.33721747765,0.0175016509512,-0.00727239615756,-0.00098568897106,-0.00121300799283,-0.000616863795638,0.000271357723903,-0.00247005468881,-0.479200898935
92,0.112355918504,0.0420177117802,-0.397287790974,3.33721747765,0.0178550498691,-0.00667726590995,-0.00120761390284,-0.00065834291509,-0.000861466976875,0.000577684545976,-0.00244364136914,-0.621848940014
93,0.115969560515,0.0380288422084,-0.397287790974,3.33721747765,0.0184293181385,-0.00604336135066,-0.000517685611962,-0.000788712780433,-0.00117917051569,0.00105028508421,-0.00235668347812,-0.734873681841
94,0.120232347256,0.0275422428645,-0.397287790974,3.33721747765,0.0191067438274,-0.00437690495831,-0.00112382386639,-0.000411643111757,-0.000871998799847,0.000824259934001,-0.00235972692127,-0.58555143382
95,0.125905866902,0.0210235638277,-0.397287790974,3.33721747765,0.020008347833,-0.0033409567752,-0.00133253086626,-0.000896060017751,-0.00108532167331,0.000654060198334,-0.00288265106834,-0.380127220767
96,0.129912982146,0.00647782696988,-0.397287790974,3.33721747765,0.0206451299003,-0.00102938864157,-0.00166843395777,-0.000152375905839,-0.000876656569383,0.000850353334569,-0.00267116321125,-0.549035396116
97,0.145490444624,-0.00935268024657,-0.397287790974,3.33721747765,0.0231206358936,0.00148631008384,-0.00187684339257,-0.000210531710118,-0.00130583502404,0.0011571952103,-0.00324457031522,-0.566823105543
98,0.156344396611,-0.0313214269894,-0.397287790974,3.33721747765,0.024845488859,0.00497742894778,-0.00263324216899,-0.00021117268973,-0.00126820249637,0.00102774852115,-0.00387216336765,-0.484488899485
99,0.163183746621,-0.0501954262622,-0.397287790974,3.33721747765,0.0259323822967,0.00797687013162,-0.00212144062836,-3.14682594576e-06,-0.00105268507794,0.0012868501034,-0.00341143759821,-0.344823870235
100,0.176905015531,-0.0783298906321,-0.397287790974,3.33721747765,0.0281128918883,0.0124477924934,-0.00303370776171,0.000287959644745,-0.000985890671647,0.00146136925562,-0.00420711735989,-0.118639078182
101,0.181775765971,-0.118979132997,-0.397287790974,3.33721747765,0.0288869132861,0.0189076222372,-0.00314850322605,0.000324654983469,-0.00118319364061,0.00181627297701,-0.00464012124856,-0.111345091453
102,0.19498312607,-0.168297314778,-0.397287790974,3.33721747765,0.0309857724127,0.0267449933856,-0.00342934814917,0.00117043156316,-0.00139214792761,0.00272568775556,-0.00498460432909,-0.226109294555
103,0.190844231548,-0.231386117542,-0.397287790974,3.33721747765,0.0303280429544,0.0367707627085,-0.00435006270266,0.00149163544661,-0.00178196724689,0.00308108523575,-0.00593951249791,-0.297759539806
104,0.220051874574,-0.313334668389,-0.397287790974,3.33721747765,0.0349695794046,0.0497936571781,-0.00373274842476,0.0018718665233,-0.00101034752256,0.0036917950373,-0.0055526769914,-0.148779555964
105,0.252460604868,-0.389368802309,-0.397287790974,3.33721747765,0.0401198218147,0.061876587116,-0.00475760854983,0.00353724331389,-0.00121413284869,0.00494804594349,-0.00616841111631,-0.190707665988
106,0.317752222602,-0.498590127016,-0.397287790974,3.33721747765,0.0504956459746,0.0792335009393,-0.00800210388234,0.00863814466776,-0.00105161409983,0.00961221984994,-0.00897617915269,-0.125031211437
107,0.341790994486,-0.675963732677,-0.397287790974,3.33721747765,0.0543157638003,0.107420853984,-0.0118904613992,0.011737235977,-0.00148902047861,0.0126932847093,-0.012846510135,-0.277638258078
108,0.41253693249,-0.881221394508,-0.397287790974,3.33721747765,0.0655583542031,0.140039407385,-0.0140681023521,0.0139623431322,-0.00197102479293,0.0148378133428,-0.014943572615,-0.452627179714
109,0.500899665631,-1.09904323977,-0.397287790974,3.33721747765,0.0796005296736,0.174654592688,-0.0148302590689,0.0170855129806,0.000155476218926,0.0178015872729,-0.015546333388,-0.169074761562
110,0.574729840916,-1.31458119781,-0.397287790974,3.33721747765,0.0913332726042,0.208906819041,-0.0142539558001,0.0201477379813,0.00071064553436,0.0203903186947,-0.014496536421,0.116932791013
111,0.659130296073,-1.58469547752,-0.397287790974,3.33721747765,0.104745767629,0.25183208239,-0.0140781784609,0.0219305383627,-5.42445887988e-05,0.0220757551575,-0.0142233951572,0.30002587728
112,0.729967301091,-1.85729449223,-0.397287790974,3.33721747765,0.116002845076,0.295152170345,-0.0135384145796,0.024258073479,0.00145663864971,0.0243857668307,-0.0136661080506,1.05056052483
113,0.794834607687,-2.09398002426,-0.397287790974,3.33721747765,0.126311230449,0.332765071056,-0.0134593324843,0.0263772107876,0.00167900387796,0.0264746239648,-0.0135567456018,1.48975210465
114,0.840643461698,-2.36176041151,-0.397287790974,3.33721747765,0.133590956863,0.37531939359,-0.0115119061725,0.0309529016033,-0.000133566659152,0.0310027909298,-0.0115617955677,-0.0581038128107
115,0.868510945103,-2.66625984968,-0.397287790974,3.33721747765,0.138019522557,0.423708998813,-0.0111458681237,0.0348787527316,-0.000709328504084,0.0349307059764,-0.0111978211954,-0.688617531306
116,0.886650661627,-2.92469195525,-0.397287790974,3.33721747765,0.140902194171,0.464777711301,-0.0126685815392,0.0368231654119,0.00100355049583,0.0368750224797,-0.01272043861,0.968129593592
117,0.903138664288,-3.18538645139,-0.397287790974,3.33721747765,0.143522388278,0.506206102096,-0.0134798432402,0.0406040623545,0.000724511171519,0.0406462044383,-0.0135219853956,0.711629906526
118,0.93184320514,-3.50444089297,-0.397287790974,3.33721747765,0.1480839689,0.556908636521,-0.013233373264,0.0427853876773,-0.000957687074193,0.0428390211593,-0.0132870068057,-0.707559914925
119,0.953959576212,-3.81106239099,-0.397287790974,3.33721747765,0.151598602533,0.605635420634,-0.0152195147597,0.0429958346992,-0.00144929047112,0.043068121259,-0.0152918013493,-1.02133991015
120,0.926170339187,-4.08427815712,-0.397287790974,3.33721747765,0.147182473579,0.649053557179,-0.0182814404953,0.0471003481115,-0.000929252313794,0.0471464054755,-0.0183274978772,-0.751235266527
121,0.900568166986,-4.38064569999,-0.397287790974,3.33721747765,0.14311389649,0.69615081564,-0.0196568389566,0.0544359540471,-5.21968255877e-05,0.0544548158844,-0.0196757009611,-0.301563421121
122,0.894992779081,-4.70309160306,-0.397287790974,3.33721747765,0.142227868955,0.747392360599,-0.0210347801733,0.0582885749829,0.00016950253853,0.0583384294684,-0.021084634611,0.139303489373
123,0.870857116504,-4.98895554053,-0.397287790974,3.33721747765,0.138392366708,0.792820433776,-0.0231179915225,0.0608773811553,0.00054933522057,0.0609061239431,-0.0231467343461,0.376224069259
124,0.853073883897,-5.27146215011,-0.397287790974,3.33721747765,0.135566331542,0.837715022457,-0.0253501069756,0.0641658083321,0.000803800348363,0.064189847105,-0.0253741457963,0.957389707749
125,0.841243776755,-5.58498362089,-0.397287790974,3.33721747765,0.133686365703,0.887538328767,-0.0265990170196,0.0667251782396,0.00086023791193,0.0667469356782,-0.0266207742672,0.696244059465
126,0.832755490755,-5.88329102443,-0.397287790974,3.33721747765,0.132337425716,0.934943878498,-0.0278567874279,0.071787770551,0.000966308539389,0.0718096959381,-0.0278787124926,0.977199107409
127,0.823120312813,-6.16465513217,-0.397287790974,3.33721747765,0.130806253554,0.97965687628,-0.0295669720747,0.074665757517,0.000154389695149,0.0746885216676,-0.0295897364879,0.300254187523
128,0.837405806588,-6.48031348567,-0.402926714574,3.33824273694,0.133076426195,1.02981981693,-0.0297269096538,0.078968519405,-0.000180314861251,0.0789862490469,-0.0297446392837,-0.129571505516
129,0.829302083987,-6.77401980681,-0.397287790974,3.33721747765,0.131788629465,1.07649411414,-0.0307257879311,0.0839014839954,-0.000220874300608,0.0839253100447,-0.0307496140042,0.0424617452499
130,0.807413003001,-7.02765754859,-0.397287790974,3.33721747765,0.128310126658,1.11680099827,-0.0318235718072,0.0875645891214,-0.00022136021928,0.0875723916942,-0.0318313743203,-0.38063655297
131,0.806030740341,-7.30786088797,-0.397287790974,3.33721747765,0.128090484832,1.16132957049,-0.0341728658129,0.0897639450641,0.00066550486148,0.0898009309402,-0.0342098515696,0.297437638044
132,0.792422447067,-7.6106982873,-0.397287790974,3.33721747765,0.125927908871,1.20945502703,-0.0346338818184,0.0941510633207,-0.000757769061098,0.0941754684616,-0.0346582871623,-0.457097824567
133,0.772281451485,-7.90474144312,-0.397287790974,3.33721747765,0.122727201822,1.25618288914,-0.0365822499928,0.0986743257023,-0.00367941979829,0.098783799662,-0.0366917243466,-1.54348840087
134,0.74842134099,-8.17473066464,-0.397287790974,3.33721747765,0.118935470541,1.29908826794,-0.0389893613039,0.102355695688,-0.00286933375957,0.102423867927,-0.0390575332328,-1.55024023316
135,0.732160830727,-8.4578901835,-0.397287790974,3.33721747765,0.116351423785,1.34408657597,-0.040037323267,0.106199222497,-0.000909255031916,0.106236073977,-0.0400741748416,-0.537105642832
136,0.699929464704,-8.72560506601,-0.397287790974,3.33721747765,0.11122935454,1.38663055347,-0.0401545383203,0.109124708586,-0.00238335068018,0.109169387951,-0.0401992178164,-1.45414345387
137,0.663298297005,-8.98685752428,-0.397287790974,3.33721747765,0.105408123479,1.42814747798,-0.0433074455613,0.111839236453,-0.0037910144913,0.111950142357,-0.0434183513698,-1.52597463589
138,0.616670518158,-9.23081740966,-0.397287790974,3.33721747765,0.0979982546459,1.4669164274,-0.0448293833253,0.116058334804,-0.00301528508706,0.116158417975,-0.0449294665446,-1.24952909198
139,0.57046153234,-9.47612432944,-0.397287790974,3.33721747765,0.0906549455025,1.50589943009,-0.0454051687549,0.121400966858,-0.00159682882758,0.121468701997,-0.0454729034159,-0.312341705347
140,0.515511509318,-9.74334023549,-0.397287790974,3.33721747765,0.0819225782075,1.54836403177,-0.0459210467405,0.125590940508,-0.00392448025517,0.125724389337,-0.0460544956657,-1.42693516383
141,0.479659710557,-10.0287610995,-0.397287790974,3.33721747765,0.0762251823042,1.59372174663,-0.0464974330165,0.12507763548,-0.00613476091605,0.125422260557,-0.0468420584041,-1.53457386295
142,0.457416238502,-10.3057392988,-0.397287790974,3.33721747765,0.0726903597705,1.63773776782,-0.0467293900318,0.129643307855,-0.00482603448971,0.129898932213,-0.046985013291,-1.11979859303
143,0.44255775347,-10.5326351569,-0.397287790974,3.33721747765,0.0703290992369,1.67379498864,-0.0475033650366,0.135699790401,-0.00274356564144,0.135834450093,-0.0476380241557,-0.447972750052
144,0.43603414598,-10.7796365909,-0.397287790974,3.33721747765,0.0692924204139,1.71304717125,-0.0480802549909,0.137269274356,-0.00462302672093,0.137518809726,-0.0483297916034,-0.941318376706
145,0.44721059931,-11.0651536049,-0.397287790974,3.33721747765,0.0710685315112,1.75842019228,-0.0488541754297,0.137054744105,-0.00574189791871,0.137394313199,-0.0491937449059,-1.19628036557
146,0.456183471263,-11.3133831208,-0.397287790974,3.33721747765,0.0724944709561,1.79786759921,-0.0500885379286,0.143067374825,-0.00344282263468,0.143261403562,-0.0502825672858,-0.565121912803
147,0.465876485388,-11.5365476669,-0.397287790974,3.33721747765,0.074034809911,1.83333183252,-0.0499982689627,0.150352750451,-0.00229740387355,0.150509944424,-0.0501554628882,-0.270219173951
148,0.483194013675,-11.7932100479,-0.397287790974,3.33721747765,0.0767868286214,1.8741193727,-0.0516002739851,0.151344864032,-0.00532815744314,0.151626202732,-0.0518816118964,-1.12114177606
149,0.514754652595,-12.0858709201,-0.397287790974,3.33721747765,0.0818023150429,1.92062759629,-0.052588428705,0.155197287026,-0.00664589378264,0.155501368814,-0.0528925101822,-1.35658431053
150,0.550758703397,-12.3183120336,-0.397287790974,3.33721747765,0.0875238763312,1.95756599231,-0.0544560660775,0.161617765728,-0.00481050902818,0.161767778584,-0.0546060796732,-1.32646909433
151,0.583663694274,-12.5270480437,-0.397287790974,3.33721747765,0.092752983125,1.99073735796,-0.0554402199311,0.163067200532,-0.00390696639601,0.163170379515,-0.0555433989144,-1.35127033484
152,0.621036875324,-12.7767222845,-0.397287790974,3.33721747765,0.0986921632758,2.03041427105,-0.057251486378,0.162427176363,-0.00534404516302,0.162595270058,-0.0574195803597,-1.54627174063
153,0.665957313318,-13.0480946516,-0.397287790974,3.33721747765,0.105830694668,2.07353951152,-0.0604544115993,0.167541101479,-0.00523375506208,0.167690427544,-0.0606037377834,-1.54754644021
154,0.706352006357,-13.2769045891,-0.397287790974,3.33721747765,0.112250005683,2.1099008551,-0.060995881183,0.174298221962,-0.00190989638488,0.1743284696,-0.061026128797,-1.17968114828
155,0.723439917733,-13.4673653505,-0.397287790974,3.33721747765,0.114965550601,2.14016795464,-0.0632927460023,0.176187449063,3.83432521071e-05,0.176211065207,-0.0633163614055,-0.140763562459
156,0.731194760173,-13.710177281,-0.397287790974,3.33721747765,0.116197884059,2.17875446417,-0.0626356157068,0.177117131459,-0.00199408846432,0.177141252619,-0.06265973646,-1.44145302436
157,0.758938948695,-13.9810129435,-0.397287790974,3.33721747765,0.120606877769,2.22179431335,-0.0644744202877,0.182636836209,-0.00372233251722,0.18270139444,-0.0645389784223,-1.55557032885
158,0.787662619391,-14.2066657299,-0.397287790974,3.33721747765,0.125171500688,2.25765393331,-0.0649194084347,0.187676967528,-0.00260436786378,0.187716101702,-0.0649585423705,-1.45947172703
159,0.820992363951,-14.4002314714,-0.397287790974,3.33721747765,0.130468087295,2.28841450123,-0.0662580727814,0.188114239237,-0.00104827913147,0.188142718413,-0.0662865515273,-0.357880070423
160,0.862107932186,-14.6036946101,-0.397287790974,3.33721747765,0.137001972789,2.32074784468,-0.0654540904439,0.189090743661,-0.00105014966007,0.18912195911,-0.0654853056782,-0.317707239817
161,0.922741429479,-14.8381008634,-0.412348374043,3.33098551183,0.146637563417,2.3579985254,-0.0648330857405,0.192423816405,-0.00269329033543,0.192489971522,-0.0648992410283,-0.820788666314
162,0.971062607534,-15.080513382,-0.402926714574,3.33824273694,0.154316502761,2.39652157291,-0.0653966510488,0.197473409003,-0.00415910892207,0.197587504695,-0.0655107473173,-1.06812418276
163,1.03818285001,-15.2813059076,-0.407606954505,3.3320578956,0.164982949807,2.42843051545,-0.0664831317187,0.200630635797,-0.00307799651816,0.200758671315,-0.0666111673337,-0.538467625519
164,1.09779060235,-15.4667843905,-0.408638870948,3.33824939387,0.174455518943,2.45790583592,-0.0661704220216,0.201851220487,-0.0032429115709,0.202025460249,-0.0663446610818,-0.293046856855
165,1.17164443116,-15.6509173178,-0.402926714574,3.33619221872,0.186192024235,2.4871673584,-0.063868128268,0.205631649783,-0.00291310568864,0.205840711728,-0.0640771901896,-0.0796184524413
166,1.25590914333,-15.8728421013,-0.407606954505,3.3320578956,0.199582954409,2.52243457831,-0.0628245510161,0.211498186573,-0.00369020032308,0.211760325382,-0.0630866890991,-0.189631685034
167,1.33081501529,-16.1182740075,-0.408638870948,3.3361855606,0.211486643785,2.56143742568,-0.064257998092,0.213351873995,-0.00586884521313,0.213640013105,-0.0645461373225,-0.875370898804
168,1.40734938058,-16.3126243616,-0.408638870948,3.33824939387,0.223649073344,2.59232266538,-0.0647974212158,0.213367859652,-0.00486168110431,0.213599251366,-0.0650288129298,-0.797408132584
169,1.472260519,-16.4753958917,-0.402926714574,3.33721747706,0.233964442438,2.61818948715,-0.0659903414788,0.21620186327,-0.00443926742207,0.216410053449,-0.0661985325717,-0.824567931698
170,1.53132865979,-16.6660948961,-0.397287790974,3.33721747765,0.243351276295,2.64849439034,-0.0673251942708,0.222272118315,-0.00435406879693,0.222442500675,-0.0674955769418,-0.870423653951
171,1.57914996376,-16.8846758207,-0.397287790974,3.33721747765,0.250950808517,2.68323021974,-0.0692536699801,0.228835595819,-0.00591220865205,0.229037366616,-0.0694554414218,-1.06725924519
172,1.60588205396,-17.0987599141,-0.397287790974,3.33721747765,0.255198961172,2.71725143378,-0.0717680482194,0.229646490552,-0.00472508056518,0.229762623039,-0.0718841800132,-1.13187593986
173,1.6229397219,-17.2781957602,-0.397287790974,3.33721747765,0.257909634461,2.74576647618,-0.073852965656,0.22902529467,-0.0019831435229,0.22906694332,-0.0738946140195,-0.798462499411
174,1.63060401571,-17.4487898533,-0.397287790974,3.33721747765,0.259127643341,2.77287651789,-0.0748811589602,0.232062965154,0.000752609527878,0.232104630424,-0.0749228247083,0.380801324661
175,1.63823851232,-17.6252302354,-0.402926714574,3.3341417005,0.260340871734,2.80091555349,-0.0744820890407,0.238305430547,0.000507813641771,0.238349786209,-0.0745264447024,0.33337090323
176,1.63522073168,-17.8327910594,-0.397287790974,3.33721747765,0.259861285297,2.83390009862,-0.0735131718505,0.243708852965,-0.00329007386646,0.243782016043,-0.0735863346893,-0.935674947806
177,1.63778823385,-18.0126732435,-0.397287790974,3.33721747765,0.26026930851,2.86248605985,-0.0746437339351,0.244990649705,-0.00547889057429,0.245139961441,-0.0747930465314,-1.1303975009
178,1.63056132197,-18.184346847,-0.397287790974,3.33721747765,0.259120840961,2.88976764068,-0.0763353794718,0.242942068726,-0.00539705134183,0.243093808014,-0.0764871165156,-1.09019855582
179,1.60927854593,-18.3453541902,-0.397287790974,3.33721747765,0.255738690495,2.91535412501,-0.0777814137534,0.242919017776,-0.00278430803146,0.242989068517,-0.0778514648286,-0.836482785451
180,1.59722284705,-18.4959058028,-0.397287790974,3.33721747765,0.253822860141,2.93927908861,-0.0780074520466,0.246132045602,-0.00135475184969,0.246191391196,-0.0780667973061,-0.236868898074
181,1.58449184054,-18.6599041621,-0.397287790974,3.33721747765,0.251799700829,2.96534088178,-0.0769413251143,0.252603360953,-0.0010503831303,0.25266729897,-0.0770052636568,-0.0566896689244
182,1.5707454635,-18.8368907656,-0.408638870948,3.3361855606,0.249615210024,2.99346674108,-0.0751376090595,0.255761077555,-0.00319597400104,0.255847881463,-0.0752244128229,-0.82613736004
183,1.57091051302,-19.0148286881,-0.402926714574,3.33619221872,0.249641429897,3.02174369289,-0.0760028177692,0.256282779478,-0.00636054781461,0.256477125998,-0.0761971650104,-1.12535884303
184,1.56847718587,-19.1830879603,-0.397287790974,3.33721747765,0.249254736285,3.04848263967,-0.0780446835053,0.256001618619,-0.00696952979436,0.256211870947,-0.0782549371226,-1.24708115902
185,1.57117386888,-19.330212373,-0.397287790974,3.33721747765,0.249683292057,3.07186298187,-0.0790585924704,0.256845478159,-0.00556491836398,0.257014033026,-0.0792271479582,-1.17069662611
186,1.5877460366,-19.489465327,-0.414425696033,3.34241078103,0.252316835269,3.09717065057,-0.0799206661827,0.260254296992,-0.00251094128351,0.260355550771,-0.0800219215209,-0.26891209565
187,1.58705665142,-19.6445521693,-0.402926714574,3.34336903018,0.252207300932,3.12181635518,-0.0785466861821,0.263675037507,-0.000951891048105,0.263771633852,-0.0786432833922,0.0746080375487
188,1.58587732238,-19.7926113621,-0.402926714574,3.3341417005,0.252019866436,3.14534518027,-0.0785681893268,0.265644972363,-0.00223273486181,0.265744924545,-0.0786681409324,-0.428351383825
189,1.57414908269,-19.956493253,-0.414425696033,3.33721747741,0.250156079145,3.1713884952,-0.0775654189824,0.266254978827,-0.00407222978272,0.26638271908,-0.0776931586511,-0.839223116052
190,1.5527604803,-20.1145732264,-0.402926714574,3.33619221872,0.246757118164,3.19650978734,-0.078844558039,0.26540412201,-0.00691465315852,0.265626654125,-0.0790670897211,-1.12404596882
191,1.52907805097,-20.2513730818,-0.402926714574,3.3341417005,0.24299360754,3.21824933329,-0.0796100228544,0.266946602348,-0.00693854191359,0.267187810329,-0.0798512315558,-1.10369437202
192,1.50500682362,-20.402892082,-0.402926714574,3.3341417005,0.239168348716,3.24232798084,-0.0805499742589,0.26882647622,-0.0070667180597,0.269085717586,-0.080809215288,-1.08323440244
193,1.47551517738,-20.5515529733,-0.420288663554,3.33930846578,0.234481663296,3.26595248204,-0.0784618648651,0.271716035608,-0.00686577326441,0.271943297825,-0.0786891281115,-1.21952836843
194,1.44443147786,-20.7079645333,-0.420288663554,3.3351264894,0.229542021395,3.29080857572,-0.0770578902999,0.273131265746,-0.00780611100574,0.273408399895,-0.0773350248898,-1.27869986468
195,1.39769338284,-20.8661240045,-0.408638870948,3.3361855606,0.222114592404,3.31594250729,-0.0757852975134,0.273858662453,-0.00841927306134,0.274171299942,-0.0760979348576,-1.32095408594
196,1.36217190325,-21.0002546436,-0.420288663554,3.3351264894,0.216469711722,3.33725791228,-0.0758523031285,0.274765953912,-0.0082209394187,0.275077151135,-0.0761635011356,-1.15318261558
197,1.31510898336,-21.1519643845,-0.402926714574,3.33721747706,0.20899069838,3.3613668934,-0.0767174266519,0.27458402899,-0.00818280133235,0.274907271131,-0.0770406682645,-1.05955020612
198,1.28019019923,-21.2845254502,-0.408638870948,3.3361855606,0.203441565832,3.38243285247,-0.0780077115572,0.27516456229,-0.00794108149364,0.275473083672,-0.0783162331813,-1.03696803845
199,1.25356841549,-21.4253089782,-0.402926714574,3.33619221872,0.199210962701,3.40480550951,-0.0786429132665,0.275996652438,-0.00654280756529,0.276238867737,-0.0788851275559,-0.902546902626
200,1.24242112829,-21.5699435696,-0.402926714574,3.33619221872,0.197439494537,3.42779013726,-0.0779522767471,0.278330878,-0.0047417671737,0.278506215542,-0.0781276145289,-0.745529462445
201,1.24551205743,-21.7197036372,-0.408638870948,3.33824939387,0.197930704415,3.45158922517,-0.0767741153476,0.280751592153,-0.00587191916277,0.280966834492,-0.0769893575411,-0.961256383301
202,1.2505434678,-21.8568327891,-0.397287791038,3.33515364474,0.198730245233,3.47338116014,-0.0765038792818,0.281831015143,-0.00808828917873,0.28217109912,-0.0768439637666,-1.07697864477
203,1.28073942817,-21.9989692339,-0.414425696033,3.3403334602,0.203528868801,3.49596877503,-0.0769866776525,0.281791580561,-0.00828018814388,0.282129750337,-0.0773248480621,-1.15550040731
204,1.30557726846,-22.1213090327,-0.408638870948,3.3361855606,0.207475964028,3.51541044341,-0.0770320038904,0.28058121963,-0.0087625798002,0.280947108934,-0.0773978933402,-1.09548216129
205,1.33681252096,-22.2560691957,-0.408638870948,3.3361855606,0.212439707783,3.53682584577,-0.0781896912626,0.279056551298,-0.00875191455658,0.279426218144,-0.0785593579632,-1.09574953612
206,1.37118785877,-22.4013891592,-0.408638870948,3.3361855606,0.217902459253,3.559919444,-0.0799280186849,0.279916944732,-0.00781952113147,0.280200464578,-0.0802115377087,-1.16013666716
207,1.4103183213,-22.5664974137,-0.420288663554,3.33930846578,0.224120895231,3.58615758858,-0.0793023055517,0.282063118133,-0.00702671078359,0.282291822135,-0.0795310087698,-1.17829687815
208,1.43763643965,-22.7528631026,-0.402926714574,3.33721747706,0.228462160787,3.61577389471,-0.0796642090044,0.281744267864,-0.00594567172342,0.28194078207,-0.079860723259,-1.14783078163
209,1.45190308959,-22.9701245127,-0.414425696033,3.33721747741,0.230729351441,3.65030008048,-0.0780141777755,0.282014329741,-0.008566597465,0.282320884318,-0.0783207314759,-1.38129063603
210,1.46882210978,-23.1906490204,-0.397287790974,3.33721747765,0.233418044945,3.68534475565,-0.0793987899446,0.280738528531,-0.00970094084784,0.281121391708,-0.0797816537416,-1.32072934508
211,1.47653469443,-23.4145627331,-0.408638870948,3.3361855606,0.234643691643,3.72092805435,-0.0810238940085,0.282326643537,-0.00827301504217,0.282613967533,-0.0813112180535,-1.46514873768
212,1.4818454654,-23.6666202791,-0.402926714574,3.3341417005,0.235487644807,3.76098378858,-0.080859148935,0.281359694754,-0.00487999061574,0.281548175889,-0.0810476296371,-0.664240980148
213,1.45966737379,-23.9455764944,-0.408638870948,3.3361855606,0.231963222774,3.80531414608,-0.0771967287284,0.280471846848,-0.00582699622398,0.280691157301,-0.0774160395195,-0.920535079845
214,1.42228584597,-24.216729158,-0.402926714574,3.33619221872,0.226022702936,3.84840434444,-0.0789146654548,0.279372817182,-0.00987475802859,0.279817583676,-0.0793594323339,-1.15636977611
215,1.38444621794,-24.5025482424,-0.402926714574,3.3341417005,0.220009428551,3.89382535411,-0.0791688752751,0.281190786919,-0.00846358714569,0.281508353064,-0.0794864409393,-1.26228501951
216,1.34519194349,-24.8461907829,-0.414425696033,3.33721747741,0.213771333297,3.94843542654,-0.0766450288444,0.282562307673,-0.00861081914342,0.282883830904,-0.076966552076,-1.31940623358
217,1.32850289691,-25.1981189605,-0.402926714574,3.33721747706,0.211119189426,4.00436207248,-0.077743532773,0.278635192975,-0.00816002693938,0.278955602261,-0.0780639412903,-1.08009200711
218,1.34948345653,-25.5620027111,-0.402926714574,3.33721747706,0.214453315735,4.06218867917,-0.0784612646026,0.280261816325,-0.00634205116155,0.280473122866,-0.0786725716725,-1.16678915408
219,1.46072484332,-26.0843391049,-0.402926714574,3.3341417005,0.232131268805,4.14519575796,-0.0781199169736,0.279061526252,-0.00871303616004,0.279385859736,-0.0784442524275,-1.24065702115
220,1.649236263,-26.6406642299,-0.402926714574,3.3341417005,0.262088587976,4.23360427733,-0.0841585666903,0.276730313801,-0.000412106557914,0.276783558438,-0.0842118114714,0.093110320645
221,1.37916834393,-27.0568349777,-0.402926714574,3.33619221872,0.21917067795,4.29974009299,-0.0767637542659,0.274511593965,-0.00893495331815,0.274872031039,-0.0771241908593,-1.17883824687
222,1.39545173837,-27.4508685081,-0.402926714574,3.3341417005,0.221758378081,4.36235796405,-0.078347065468,0.271472932446,-0.00687283832907,0.271731905976,-0.0786060384204,-1.26592492442
223,1.77744751976,-27.8544470264,-0.402926714574,3.3341417005,0.282463286192,4.4264927618,-0.0824125793672,0.273322189623,0.000538766393889,0.273362481306,-0.0824528718187,0.232498794217
224,1.70377675026,-28.2646110781,-0.402926714574,3.3341417005,0.270755865978,4.49167397407,-0.0848945579221,0.271601903054,-0.00258967076905,0.271671321027,-0.084963975318,-0.711458569188
225,1.6108916463,-28.6855450532,-0.397287790974,3.33721747765,0.255995031064,4.55856681481,-0.0815818430617,0.275741867912,-0.00245125580085,0.275822965954,-0.0816629402435,-0.556050092746
226,2.00835810869,-29.1509361756,-0.397287790974,3.33721747765,0.3191584619,4.63252441394,-0.0790448162036,0.271743475436,-0.00309704699388,0.27184546586,-0.0791468072014,-0.574171400223
227,2.09049844896,-29.5755433852,-0.402926714574,3.3341417005,0.332211803236,4.70000098444,-0.0782003117665,0.274089699311,-0.00245946093515,0.274182753601,-0.0782933663937,-0.447950960744
228,1.87904776681,-30.0032101293,-0.402926714574,3.33516696038,0.298609080045,4.76796371398,-0.0812553436045,0.275641652173,-0.000843827806473,0.275685178176,-0.0812988686946,-0.270231283096
229,2.24376943514,-30.39481895,-0.408638870948,3.3361855606,0.356568893635,4.83019624438,-0.0759449879844,0.269284528378,-0.00590195475676,0.269510215753,-0.0761706743922,-0.858692444764
230,2.37472831506,-30.8511402452,-0.408638870948,3.3361855606,0.377380242982,4.90271259593,-0.0741205807388,0.27410641332,-0.00775541794216,0.274412054617,-0.0744262224475,-1.09819238294
231,2.07197420261,-31.308887066,-0.397287790974,3.33721747765,0.329268024327,4.97545551031,-0.0783221665531,0.271295078385,-0.004437563002,0.271437880034,-0.0784649678434,-0.791632766907
232,2.24271555303,-31.746470055,-0.408638870948,3.3361855606,0.356401412905,5.04499397649,-0.0737445781902,0.272363215491,-0.0039818608545,0.272533756669,-0.0739151200207,-0.395073238905
233,2.40966880168,-32.1988899969,-0.402926714574,3.33619221872,0.382932805823,5.11689041199,-0.0762091161022,0.271794877321,-0.00904076437986,0.27216371567,-0.0765779550037,-1.25927809669
234,2.11727413208,-32.6303119536,-0.402926714574,3.33619221872,0.336466891343,5.18544980634,-0.0764003982467,0.274546713887,-0.00456582494549,0.274701920344,-0.0765556041271,-0.786391025974
235,2.11056008416,-33.0870105128,-0.402926714574,3.33619221872,0.335399896964,5.25802620303,-0.076545471698,0.271308538606,-0.00392878080283,0.271457139427,-0.0766940722062,-0.625648447775
236,2.37061789516,-33.5073950755,-0.408638870948,3.3361855606,0.376727012845,5.32483159412,-0.076107242568,0.272000325094,-0.00642548174721,0.272211266996,-0.076318183938,-1.22473372887
237,2.19031332924,-33.9809336508,-0.402926714574,3.33619221872,0.348073873885,5.40008397256,-0.0749091565369,0.274689801662,-0.00575550970985,0.274920061711,-0.0751394159371,-0.903754387363
238,2.10447762551,-34.3926597103,-0.402926714574,3.33619221872,0.334433326221,5.46551359546,-0.0786543621892,0.270226653353,-0.00377433415711,0.270367091606,-0.078794802485,-0.586031371547
239,2.37813340766,-34.8361197385,-0.408638870948,3.3361855606,0.377921328916,5.53598603955,-0.0765806435087,0.273464198333,-0.00687803180061,0.273727517527,-0.0768439633312,-1.08047693039
240,2.31029623747,-35.2908936785,-0.408638870948,3.3361855606,0.367140998895,5.60825650413,-0.0757940555983,0.271357947646,-0.0100065824871,0.271789074331,-0.0762251818722,-1.29551810026
241,2.18041201433,-35.7538137997,-0.410271052247,3.34864274661,0.346500444354,5.68182150211,-0.0751842847155,0.271809145321,-0.00414773356398,0.271990980588,-0.0753661198359,-0.407445575677
242,2.39059833404,-36.1808275038,-0.402926714574,3.33619221872,0.379902211312,5.74968045758,-0.075943631799,0.270735388994,-0.0086730759152,0.271090117385,-0.0762983588922,-1.26018585543
243,2.44557694466,-36.5958650404,-0.402926714574,3.3341417005,0.388639126862,5.81563620106,-0.0782396795769,0.273912659287,-0.00688494231942,0.274154151543,-0.0784811725059,-1.20547809601
244,2.32826595999,-37.0875632748,-0.402926714574,3.33721747706,0.369996671331,5.89377442944,-0.0750383225901,0.271161739865,-0.00904780291622,0.2715262986,-0.0754028804841,-1.21872563593
245,2.47676281929,-37.5313784692,-0.402926714574,3.3341417005,0.393595044844,5.96430342274,-0.0800444156412,0.273470346582,-0.00499064056691,0.273629509249,-0.0802035777319,-0.927208988897
246,2.55645393561,-37.9953025671,-0.397287790974,3.33721747765,0.406259181599,6.03802799262,-0.0794165659314,0.275309723826,-0.006925370944,0.27554342571,-0.0796502677198,-1.14703070735
247,2.41686850517,-38.4278749774,-0.402926714574,3.33619221872,0.384076934476,6.10677027241,-0.0778339326862,0.27205751644,-0.00782859861558,0.272335842636,-0.0781122579209,-1.18233323251
248,2.45527915032,-38.8971334888,-0.402926714574,3.3341417005,0.390180975776,6.1813425464,-0.0768913315669,0.274963630976,-0.00717039207469,0.275229719762,-0.0771574200161,-1.1435185617
249,2.50033386984,-39.3368650621,-0.402926714574,3.3341417005,0.397340851061,6.25122258894,-0.0792902334083,0.273360963983,-0.00899208263755,0.273695094066,-0.0796243630109,-1.46281803346
250,2.31449605273,-39.7877364221,-0.408638870948,3.3361855606,0.367808404874,6.32287283068,-0.0734030963103,0.273658611171,-0.00465066216783,0.273868546277,-0.0736130320213,-0.47465379362
251,2.22820796595,-40.2527733592,-0.408638870948,3.3361855606,0.354095928661,6.3967742022,-0.0759226697703,0.272771190707,-0.0051921711054,0.272978323814,-0.0761298030228,-0.799444166871
252,2.29082194833,-40.7212783663,-0.420288663554,3.33930846578,0.364046244637,6.47122678945,-0.0733427719801,0.274778927823,-0.00689276872325,0.275030033663,-0.073593877501,-1.11550579024
253,2.08253929077,-41.1955951075,-0.401901455656,3.3341417005,0.330946964506,6.54660280597,-0.0779070836161,0.272156069548,-0.00368980330794,0.272284441802,-0.0780354542598,-0.647046632921
254,1.95669690278,-41.6676376888,-0.407606954505,3.33412172887,0.310948721194,6.62161749988,-0.0807828004291,0.277297478508,0.000860060900151,0.277352412316,-0.0808377329308,0.38617424067
255,1.99315927106,-42.1264077217,-0.402926714574,3.33516696038,0.316743138529,6.69452305763,-0.0792554494594,0.275421733529,-0.00211283675125,0.275510858336,-0.0793445738093,-0.367724660904
256,1.86045634127,-42.5421963977,-0.407606954505,3.33102597819,0.29565464773,6.76059815171,-0.0827875391568,0.276627340294,-0.000103324541917,0.276664670315,-0.0828248704118,-0.142084382571
257,1.72724588788,-43.0405399371,-0.397287790974,3.33721747765,0.274485491789,6.83979248084,-0.0830124746053,0.274584198418,-0.0022707629873,0.274639373884,-0.0830676498799,-0.758189834081
258,1.77329006409,-43.4908405206,-0.397287790974,3.33721747765,0.281802613766,6.91135201087,-0.0841771592505,0.276005033977,-7.37620153254e-05,0.276036994866,-0.0842091211906,0.202149945956
259,1.75579815372,-43.9656961749,-0.402926714574,3.3341417005,0.279022880716,6.98681373596,-0.0820606996456,0.274044415451,0.000809649126923,0.27408331325,-0.0820995982616,0.333045428799
260,1.69522113954,-44.4218844014,-0.402926714574,3.3341417005,0.269396254709,7.0593089719,-0.0844541149274,0.276419583059,-0.000981122618243,0.276454747973,-0.0844892791202,-0.229783351191
261,1.76977310654,-44.9146575928,-0.397287790974,3.33721747765,0.281243690122,7.13761806794,-0.0810532544572,0.276049152112,-3.26369185925e-05,0.276075620013,-0.0810797237911,0.141786867991
262,1.8474405764,-45.3514103084,-0.407606954505,3.33102597819,0.293586241057,7.20702468884,-0.0838545076065,0.275953739301,0.000617688462685,0.275978461682,-0.0838792288748,0.427088776192
263,1.80974900952,-45.830518209,-0.397287790974,3.33721747765,0.287596499595,7.28316219953,-0.0815469816757,0.278264584832,0.000442250669948,0.278293257436,-0.0815756536829,0.301728472496
264,1.8764754703,-46.2461615286,-0.401901455656,3.3341417005,0.298200304758,7.34921417236,-0.0821237297548,0.276258287603,-0.00106168841331,0.2763042822,-0.0821697239434,-0.290315501152
265,1.97397711032,-46.7157880098,-0.397287790974,3.33721747765,0.313694812071,7.42384496102,-0.0786604953404,0.276311151588,-0.00155207593539,0.276391370843,-0.0787407152641,-0.296931464703
266,1.92879389255,-47.1902440225,-0.402926714574,3.33516696038,0.30651451753,7.49924319483,-0.0805794544278,0.275450427013,-0.00206985082102,0.275508920512,-0.0806379485996,-0.469703868897
267,1.96114057725,-47.6466070114,-0.402926714574,3.33619221872,0.311654875452,7.57176615807,-0.0788261658482,0.276010920925,5.87444754332e-05,0.276056506749,-0.0788717521294,0.254072579261
268,2.02546256819,-48.1058433779,-0.402926714574,3.33824273694,0.321876618074,7.64474573135,-0.0777460498435,0.273620951176,-0.000459145609244,0.273688830195,-0.0778139285503,0.0735213741179
269,2.01610197329,-48.5443039925,-0.402926714574,3.3341417005,0.32038907726,7.71442375183,-0.0779622619431,0.276170323645,-0.00197775426242,0.276250012075,-0.0780419510218,-0.348218507921
270,2.00480323724,-49.0079294596,-0.397287790974,3.33721747765,0.318593544933,7.78810084172,-0.0768243172087,0.275227392522,-0.00133138737874,0.275294747299,-0.0768916716274,-0.196401745081
271,2.05741562074,-49.4215952966,-0.402926714574,3.33721747706,0.326954449088,7.85383862834,-0.0783325328221,0.274381356758,-0.00179519399014,0.274453268801,-0.0784044459462,-0.328452251034
272,2.03686366298,-49.886980676,-0.397287791038,3.33308981301,0.323688443605,7.92779539158,-0.0760478271147,0.278459581752,-0.00226840464487,0.278557838558,-0.0761460831219,-0.175532556199
273,2.01159444645,-50.2822694159,-0.407606954505,3.3320578956,0.319672770121,7.99061274529,-0.078882942073,0.275551830406,-0.00126163586103,0.275631601838,-0.0789627130446,-0.219820616307
274,2.07216194907,-50.7140350096,-0.402926714574,3.33619221872,0.329297853862,8.05922681747,-0.0767029951176,0.27743363044,-0.00317768667113,0.277560165813,-0.0768295296738,-0.486559090307
275,2.06997537305,-51.1684606737,-0.402926714574,3.33516696038,0.328950379837,8.13144193772,-0.0770547009283,0.275218455638,-0.00416216437175,0.275360703372,-0.0771969484225,-0.746891702375
276,2.08721178655,-51.5900674635,-0.400876196834,3.34336903018,0.331689514268,8.19844163156,-0.0766808649225,0.274369479668,-0.00284876164885,0.27447670131,-0.076788087766,-0.345432116139
277,2.20042642835,-52.0148406338,-0.399351623538,3.33412172887,0.349681035071,8.26594453044,-0.0735625077233,0.2747531391,-0.00430719460517,0.274942450999,-0.0737518187757,-0.536573423968
278,2.30757058286,-52.4406928025,-0.408638870948,3.3361855606,0.366707862972,8.33361883907,-0.0751210746005,0.274622835993,-0.00752053177343,0.274913130643,-0.0754113690807,-1.11944418759
279,2.3902681466,-52.9007387348,-0.414425696033,3.33410149462,0.379849751011,8.40672716128,-0.0739285988989,0.276229093472,-0.00726174637061,0.276490996379,-0.0741905014889,-1.19940459494
280,2.50761079481,-53.3252325243,-0.402926714574,3.3341417005,0.398497257886,8.47418561136,-0.0791730927364,0.276052575919,-0.00647750294959,0.276251932402,-0.0793724494596,-1.18657141809
281,2.61651775164,-53.775182186,-0.397287790974,3.33721747765,0.415804231969,8.54568939331,-0.0816391552201,0.278430300454,-0.00239057048225,0.278525924931,-0.081734779458,-0.394855739979
282,2.67986991161,-54.1747594491,-0.397287790974,3.33721747765,0.425871835114,8.60918823878,-0.0836514819127,0.274948658278,-0.00402860074922,0.275051102329,-0.0837539256288,-0.894181719193
283,2.77057022279,-54.5861127054,-0.402926714574,3.3341417005,0.44028549079,8.67455853493,-0.0839727149856,0.276070840224,-0.00056731580168,0.276105272962,-0.0840071468103,-0.210788338415
284,2.8695116471,-55.052412351,-0.397287790974,3.33721747765,0.456008784855,8.74866054608,-0.0822742387461,0.274335659467,-0.00349665995982,0.274419713383,-0.0823582927099,-0.83521271134
285,2.97229998143,-55.4718794637,-0.407606954505,3.33412172887,0.472343406313,8.81532023789,-0.0807437181424,0.275130720978,-0.00198742865858,0.275197261727,-0.0808102596406,-0.381103555877
286,3.05456945224,-55.9295515403,-0.397287790974,3.33721747765,0.485417299164,8.88805128978,-0.0776204164259,0.273714720439,-0.00278101133601,0.273826521845,-0.0777322166623,-0.292695549818
287,3.14761122016,-56.3657876795,-0.408638870948,3.33824939387,0.500203014001,8.95737575556,-0.0775661747661,0.273594328335,-0.00534615160477,0.273775271684,-0.0777471166152,-0.860749213726
288,3.19275055855,-56.833381579,-0.402926714574,3.33721747706,0.50737630898,9.03168352189,-0.0747277171381,0.275706598355,-0.00667500367657,0.275956228472,-0.0749773472548,-1.10419024268
289,3.19423782595,-57.277842614,-0.402926714574,3.33619221872,0.507612683119,9.10231506594,-0.0770925393028,0.272328627975,-0.00641669767567,0.272559322946,-0.0773232343216,-1.00367889712
290,3.20153543872,-57.7167166187,-0.402926714574,3.33619221872,0.508772382429,9.17205878842,-0.0752694369324,0.276252430101,-0.00559241155861,0.27645905835,-0.0754760656145,-0.945302795595
291,3.17019165408,-58.1531820482,-0.402926714574,3.33516696038,0.503791379159,9.24141976141,-0.0760152558646,0.273717681919,-0.00608683121109,0.273966554096,-0.0762641277044,-0.842063113182
292,3.11873863905,-58.57117648,-0.397287790974,3.33721747765,0.495614721225,9.30784538465,-0.0775146175845,0.273370236827,-0.00454042018772,0.273517484753,-0.0776618660356,-0.771458575359
293,3.09992406599,-59.0579902157,-0.402926714574,3.33619221872,0.492624813126,9.38520741001,-0.0773878165551,0.27407154537,-0.00534335262566,0.274262473372,-0.0775787463592,-0.864852370754
294,3.09403604231,-59.4875959335,-0.402926714574,3.33619221872,0.491689121339,9.45347826558,-0.0781921466993,0.2737000301,-0.00459223145735,0.273847130229,-0.0783392471652,-0.786401744812
295,3.07345714569,-59.9520823817,-0.402926714574,3.33619221872,0.48841880483,9.52729220852,-0.0774992630366,0.274305147702,-0.00307284248167,0.274429284084,-0.0776233994192,-0.405190038681
296,3.0949211459,-60.3951703472,-0.402926714574,3.33516696038,0.491829766573,9.5977055888,-0.0789813812221,0.274958558813,-0.00393522233822,0.275093556123,-0.079116379013,-0.707300944482
297,3.12361424815,-60.8680970715,-0.402926714574,3.33824273694,0.496389528244,9.67286079161,-0.0761550848763,0.276130218564,-0.00598690526686,0.276336524371,-0.0763613906599,-1.06572661169
298,3.12487458106,-61.308800925,-0.402926714574,3.33619221872,0.496589799273,9.74289532938,-0.0782404130745,0.272599397744,-0.00392628180947,0.27274243822,-0.0783834535268,-0.625942989319
299,3.14316641438,-61.769234565,-0.402926714574,3.33619221872,0.499496675499,9.81606514223,-0.0761284370817,0.277316100463,-0.00453323321135,0.277511635711,-0.0763239734115,-0.461639684246
